station_id,actual,idw_pred,idw_abs_error,nearest_pred,nearest_abs_error
ahmedabad_bopal,142.5,150.3,7.8,152.2,9.7
ahmedabad_chandkheda,153.3,126.3,27.0,121.6,31.7
ahmedabad_maninagar,147.4,162.2,14.8,174.4,27.0
ahmedabad_navrangpura,155.8,135.4,20.4,131.4,24.4
ahmedabad_pirana,171.2,142.3,28.9,122.5,48.7
bengaluru_electronic_city,51.9,91.2,39.3,93.4,41.5
bengaluru_jayanagar,75.1,97.1,22.0,82.6,7.5
bengaluru_mg_road,57.7,69.5,11.8,55.4,2.3
bengaluru_peenya,62.8,105.3,42.5,154.2,91.4
bengaluru_whitefield,77.7,93.1,15.4,177.8,100.1
caaqm_103,168.0,272.5,104.5,294.8,126.8
caaqm_104,162.3,277.9,115.6,312.8,150.5
caaqm_105,141.2,243.2,102.0,151.7,10.5
caaqm_106,174.0,266.0,92.0,307.3,133.3
caaqm_107,171.9,298.5,126.6,298.5,126.6
caaqm_108,164.6,243.3,78.7,233.6,69.0
caaqm_109,162.1,311.9,149.8,311.9,149.8
caaqm_111,145.8,267.9,122.1,283.6,137.8
caaqm_113,151.7,237.8,86.1,171.9,20.2
caaqm_114,102.4,286.5,184.1,313.2,210.8
caaqm_115,128.1,261.5,133.4,307.3,179.2
caaqm_117,143.8,322.2,178.4,323.0,179.2
caaqm_118,159.7,287.5,127.8,317.1,157.4
caaqm_119,137.9,274.5,136.6,302.6,164.7
caaqm_122,299.7,282.0,17.7,277.5,22.2
caaqm_124,302.6,315.9,13.3,316.1,13.5
caaqm_125,293.7,318.9,25.2,318.9,25.2
caaqm_134,138.6,143.3,4.7,147.6,9.0
caaqm_136,152.2,148.6,3.6,147.8,4.4
caaqm_1390,146.2,158.6,12.4,153.0,6.8
caaqm_1391,158.6,232.2,73.6,229.4,70.8
caaqm_1392,132.3,137.9,5.6,136.9,4.6
caaqm_1393,153.1,143.3,9.8,138.6,14.5
caaqm_1394,184.4,152.1,32.3,143.0,41.4
caaqm_1395,171.5,153.2,18.3,153.0,18.5
caaqm_1396,137.7,147.0,9.3,147.6,9.9
caaqm_1397,149.7,160.6,10.9,158.3,8.6
caaqm_1398,243.2,250.0,6.8,252.1,8.9
caaqm_1399,90.0,101.2,11.2,99.3,9.3
caaqm_1400,214.3,158.4,55.9,158.1,56.2
caaqm_1401,177.4,158.6,18.8,148.5,28.9
caaqm_1402,252.7,208.0,44.7,209.3,43.4
caaqm_1403,214.7,179.3,35.4,179.4,35.3
caaqm_1404,190.4,165.7,24.7,165.5,24.9
caaqm_1406,100.7,89.5,11.2,89.5,11.2
caaqm_1408,157.2,143.9,13.3,143.0,14.2
caaqm_1410,159.6,142.8,16.8,138.7,20.9
caaqm_1416,184.3,158.4,25.9,154.6,29.7
caaqm_1418,193.2,167.6,25.6,166.7,26.5
caaqm_1419,172.6,160.6,12.0,159.6,13.0
caaqm_1420,323.7,268.8,54.9,301.3,22.4
caaqm_1421,316.6,257.2,59.4,294.8,21.8
caaqm_1422,307.3,243.8,63.5,174.0,133.3
caaqm_1423,312.8,260.8,52.0,162.3,150.5
caaqm_1424,297.8,252.7,45.1,162.1,135.7
caaqm_1425,287.9,273.1,14.8,143.8,144.1
caaqm_1426,288.9,266.0,22.9,320.2,31.3
caaqm_1427,293.1,241.5,51.6,230.1,63.0
caaqm_1428,294.8,248.2,46.6,168.0,126.8
caaqm_1429,299.9,261.4,38.5,297.8,2.1
caaqm_1430,317.1,237.1,80.0,159.7,157.4
caaqm_1431,278.6,268.4,10.2,336.7,58.1
caaqm_1432,321.2,258.4,62.8,162.3,158.9
caaqm_1433,116.7,207.4,90.7,207.8,91.1
caaqm_1434,301.3,276.5,24.8,323.7,22.4
caaqm_1435,313.2,230.2,83.0,102.4,210.8
caaqm_1437,217.6,168.0,49.6,165.9,51.7
caaqm_1438,187.8,157.3,30.5,157.3,30.5
caaqm_144,257.8,265.5,7.7,283.6,25.8
caaqm_1447,87.7,87.4,0.3,87.2,0.5
caaqm_1450,197.7,173.9,23.8,177.1,20.6
caaqm_146,218.2,202.8,15.4,188.1,30.1
caaqm_147,190.6,234.0,43.4,223.0,32.4
caaqm_153,278.4,252.7,25.7,256.5,21.9
caaqm_1538,100.2,201.8,101.6,205.5,105.3
caaqm_1541,243.6,205.8,37.8,185.8,57.8
caaqm_1542,253.9,232.2,21.7,232.2,21.7
caaqm_1549,207.8,169.1,38.7,165.2,42.6
caaqm_1550,235.5,227.9,7.6,227.6,7.9
caaqm_1551,74.3,86.5,12.2,77.7,3.4
caaqm_1553,93.1,78.4,14.7,81.1,12.0
caaqm_1554,89.8,75.1,14.7,81.1,8.7
caaqm_1555,87.0,79.6,7.4,75.1,11.9
caaqm_1556,82.6,93.7,11.1,75.1,7.5
caaqm_1557,86.2,62.3,23.9,62.3,23.9
caaqm_1558,93.4,89.5,3.9,145.4,52.0
caaqm_1560,308.0,258.2,49.8,159.7,148.3
caaqm_1561,315.8,260.8,55.0,293.7,22.1
caaqm_1562,318.3,262.0,56.3,137.9,180.4
caaqm_1563,298.5,171.9,126.6,171.9,126.6
caaqm_1565,101.7,62.2,39.5,61.9,39.8
caaqm_1569,265.3,243.2,22.1,237.6,27.7
caaqm_157,211.3,210.0,1.3,210.0,1.3
caaqm_158,221.3,219.8,1.5,219.8,1.5
caaqm_159,232.4,224.1,8.3,227.5,4.9
caaqm_161,213.6,183.8,29.8,187.1,26.5
caaqm_162,145.4,79.1,66.3,75.1,70.3
caaqm_163,154.2,71.3,82.9,62.8,91.4
caaqm_164,177.8,78.0,99.8,93.4,84.4
caaqm_165,81.1,73.2,7.9,76.7,4.4
caaqm_166,76.7,79.1,2.4,81.1,4.4
caaqm_168,122.6,129.6,7.0,129.7,7.1
caaqm_198,139.7,132.0,7.7,129.1,10.6
caaqm_199,145.2,100.0,45.2,116.7,28.5
caaqm_251,92.1,114.7,22.6,116.7,24.6
caaqm_252,40.5,36.9,3.6,33.5,7.0
caaqm_253,137.9,121.4,16.5,107.5,30.4
caaqm_254,208.5,169.2,39.3,167.6,40.9
caaqm_255,145.6,143.6,2.0,128.4,17.2
caaqm_256,181.6,174.1,7.5,173.9,7.7
caaqm_258,100.5,96.0,4.5,95.6,4.9
caaqm_260,97.6,91.2,6.4,86.9,10.7
caaqm_261,110.1,129.2,19.1,120.5,10.4
caaqm_262,75.8,103.4,27.6,105.1,29.3
caaqm_263,247.9,214.1,33.8,230.4,17.5
caaqm_271,118.7,146.7,28.0,137.0,18.3
caaqm_272,161.7,179.9,18.2,147.5,14.2
caaqm_273,245.4,222.3,23.1,205.6,39.8
caaqm_274,194.0,142.1,51.9,173.8,20.2
caaqm_275,103.8,102.9,0.9,92.1,11.7
caaqm_276,262.6,231.9,30.7,229.2,33.4
caaqm_277,147.5,179.3,31.8,230.8,83.3
caaqm_288,165.9,81.5,84.4,84.4,81.5
caaqm_292,141.6,107.4,34.2,101.7,39.9
caaqm_293,148.1,89.9,58.2,71.2,76.9
caaqm_294,123.2,94.9,28.3,93.9,29.3
caaqm_295,137.2,109.0,28.2,107.9,29.3
caaqm_296,165.1,145.0,20.1,173.8,8.7
caaqm_297,136.8,179.8,43.0,147.5,10.7
caaqm_298,74.2,95.3,21.1,95.3,21.1
caaqm_299,195.4,167.4,28.0,165.5,29.9
caaqm_300,180.7,160.6,20.1,161.7,19.0
caaqm_301,316.4,336.2,19.8,336.7,20.3
caaqm_302,122.7,135.4,12.7,135.4,12.7
caaqm_303,127.7,208.1,80.4,274.9,147.2
caaqm_304,126.3,108.1,18.2,107.7,18.6
caaqm_305,137.2,131.1,6.1,134.2,3.0
caaqm_306,149.4,71.2,78.2,66.0,83.4
caaqm_307,288.9,234.8,54.1,226.3,62.6
caaqm_308,174.4,143.9,30.5,147.4,27.0
caaqm_309,199.6,167.0,32.6,167.8,31.8
caaqm_5023,256.2,216.8,39.4,204.7,51.5
caaqm_5024,320.2,262.0,58.2,288.9,31.3
caaqm_5025,159.7,234.6,74.9,233.6,73.9
caaqm_5039,220.0,203.9,16.1,203.6,16.4
caaqm_5040,171.2,143.8,27.4,143.3,27.9
caaqm_5041,221.1,240.0,18.9,209.7,11.4
caaqm_5042,113.9,173.8,59.9,173.8,59.9
caaqm_5043,208.5,191.6,16.9,191.5,17.0
caaqm_5044,229.4,214.4,15.0,214.5,14.9
caaqm_5045,230.1,210.3,19.8,205.2,24.9
caaqm_5046,230.1,208.3,21.8,207.0,23.1
caaqm_5047,238.3,189.1,49.2,187.8,50.5
caaqm_5048,217.6,229.2,11.6,208.9,8.7
caaqm_5049,226.5,219.1,7.4,218.6,7.9
caaqm_5050,220.5,208.9,11.6,207.2,13.3
caaqm_5051,245.2,215.8,29.4,215.8,29.4
caaqm_5052,214.9,208.8,6.1,208.8,6.1
caaqm_5053,211.0,210.5,0.5,209.9,1.1
caaqm_5054,229.6,200.3,29.3,199.7,29.9
caaqm_5055,230.8,235.9,5.1,158.6,72.2
caaqm_5056,225.1,212.0,13.1,210.1,15.0
caaqm_5057,216.7,203.9,12.8,202.4,14.3
caaqm_5060,234.1,191.3,42.8,189.7,44.4
caaqm_5065,164.4,164.2,0.2,164.3,0.1
caaqm_5066,172.8,147.0,25.8,150.1,22.7
caaqm_5067,172.1,146.5,25.6,145.7,26.4
caaqm_5068,127.4,213.2,85.8,216.2,88.8
caaqm_5071,165.7,146.6,19.1,146.7,19.0
caaqm_5072,197.1,192.9,4.2,191.8,5.3
caaqm_5073,81.3,96.4,15.1,102.6,21.3
caaqm_5081,267.6,219.0,48.6,209.9,57.7
caaqm_5082,283.6,244.7,38.9,257.8,25.8
caaqm_5083,248.0,262.2,14.2,321.2,73.2
caaqm_5092,87.9,96.6,8.7,66.0,21.9
caaqm_5094,95.9,71.3,24.6,70.0,25.9
caaqm_5101,173.8,154.3,19.5,194.0,20.2
caaqm_5102,137.4,130.9,6.5,125.5,11.9
caaqm_5103,137.1,127.4,9.7,129.6,7.5
caaqm_5104,146.6,124.1,22.5,112.1,34.5
caaqm_5105,24.9,48.8,23.9,47.8,22.9
caaqm_5106,132.1,133.4,1.3,138.6,6.5
caaqm_5107,142.2,128.8,13.4,141.8,0.4
caaqm_5109,260.0,227.1,32.9,234.2,25.8
caaqm_5110,212.3,146.0,66.3,167.8,44.5
caaqm_5111,212.7,159.6,53.1,159.3,53.4
caaqm_5112,121.8,133.0,11.2,144.4,22.6
caaqm_5113,134.6,129.0,5.6,125.5,9.1
caaqm_5114,120.5,126.2,5.7,110.1,10.4
caaqm_5115,131.0,132.5,1.5,133.1,2.1
caaqm_5118,129.1,134.7,5.6,135.6,6.5
caaqm_5119,151.4,128.5,22.9,140.9,10.5
caaqm_5120,107.1,132.6,25.5,131.7,24.6
caaqm_5121,194.1,239.7,45.6,280.4,86.3
caaqm_5122,280.4,231.6,48.8,218.0,62.4
caaqm_5123,256.5,262.1,5.6,278.6,22.1
caaqm_5124,56.7,80.1,23.4,59.6,2.9
caaqm_5125,84.4,75.9,8.5,54.2,30.2
caaqm_5126,200.4,166.5,33.9,212.7,12.3
caaqm_5127,144.0,148.1,4.1,152.5,8.5
caaqm_5128,254.3,190.5,63.8,254.9,0.6
caaqm_5129,208.5,134.0,74.5,156.4,52.1
caaqm_5131,134.4,126.5,7.9,96.4,38.0
caaqm_5238,215.2,144.7,70.5,167.8,47.4
caaqm_5247,181.3,165.8,15.5,163.6,17.7
caaqm_5248,184.1,198.1,14.0,252.7,68.6
caaqm_5249,149.9,155.6,5.7,152.8,2.9
caaqm_5250,178.2,176.6,1.6,179.0,0.8
caaqm_5254,66.5,88.2,21.7,88.0,21.5
caaqm_5255,100.1,70.3,29.8,68.6,31.5
caaqm_5257,250.9,229.0,21.9,208.5,42.4
caaqm_5258,234.2,231.6,2.6,260.0,25.8
caaqm_5261,253.0,214.8,38.2,211.3,41.7
caaqm_5262,244.6,216.1,28.5,211.3,33.3
caaqm_5263,241.1,226.2,14.9,244.6,3.5
caaqm_5264,89.6,80.7,8.9,79.7,9.9
caaqm_5265,81.8,67.3,14.5,66.7,15.1
caaqm_5266,80.6,93.8,13.2,84.8,4.2
caaqm_5267,58.9,70.5,11.6,69.3,10.4
caaqm_5269,180.2,161.2,19.0,157.3,22.9
caaqm_5270,29.6,53.0,23.4,51.5,21.9
caaqm_5271,52.4,50.3,2.1,50.2,2.2
caaqm_5272,59.3,48.4,10.9,51.5,7.8
caaqm_5273,177.9,155.6,22.3,159.5,18.4
caaqm_5274,142.5,154.3,11.8,159.8,17.3
caaqm_5275,128.2,165.9,37.7,159.5,31.3
caaqm_5276,49.9,28.6,21.3,28.6,21.3
caaqm_5331,55.0,38.6,16.4,33.5,21.5
caaqm_5334,62.5,37.6,24.9,37.4,25.1
caaqm_5335,237.1,228.5,8.6,253.0,15.9
caaqm_5336,240.7,228.5,12.2,241.1,0.4
caaqm_5337,310.5,244.2,66.3,261.3,49.2
caaqm_5338,240.5,238.6,1.9,265.0,24.5
caaqm_5339,223.0,224.4,1.4,190.6,32.4
caaqm_5340,300.7,223.3,77.4,247.9,52.8
caaqm_5341,214.1,233.9,19.8,230.4,16.3
caaqm_5342,212.1,240.7,28.6,300.7,88.6
caaqm_5344,233.6,167.5,66.1,159.7,73.9
caaqm_5345,224.7,225.4,0.7,218.2,6.5
caaqm_5346,131.6,99.5,32.1,99.4,32.2
caaqm_5361,73.6,84.5,10.9,82.2,8.6
caaqm_5362,94.1,91.5,2.6,87.9,6.2
caaqm_5363,94.6,92.7,1.9,71.2,23.4
caaqm_5364,65.0,79.5,14.5,77.2,12.2
caaqm_5365,80.0,85.9,5.9,65.0,15.0
caaqm_5367,115.8,82.9,32.9,40.5,75.3
caaqm_5370,235.8,222.6,13.2,221.3,14.5
caaqm_5375,126.8,142.9,16.1,128.5,1.7
caaqm_5377,135.0,134.4,0.6,133.8,1.2
caaqm_5390,84.4,63.7,20.7,24.9,59.5
caaqm_5391,78.7,81.5,2.8,49.9,28.8
caaqm_5392,129.7,126.9,2.8,122.6,7.1
caaqm_5393,158.3,276.2,117.9,323.0,164.7
caaqm_5394,132.6,129.5,3.1,131.0,1.6
caaqm_5395,115.9,263.9,148.0,162.1,46.2
caaqm_5396,141.9,128.6,13.3,151.4,9.5
caaqm_5397,144.4,130.2,14.2,134.2,10.2
caaqm_5398,137.6,124.9,12.7,131.7,5.9
caaqm_5399,141.8,132.0,9.8,138.6,3.2
caaqm_5400,125.5,134.9,9.4,134.6,9.1
caaqm_5401,125.3,127.8,2.5,129.6,4.3
caaqm_5402,125.5,132.8,7.3,144.1,18.6
caaqm_5403,133.1,130.7,2.4,131.0,2.1
caaqm_5404,133.2,119.3,13.9,83.3,49.9
caaqm_5405,133.5,129.4,4.1,144.5,11.0
caaqm_5406,144.5,122.9,21.6,133.5,11.0
caaqm_5407,149.9,85.6,64.3,83.3,66.6
caaqm_5408,126.3,118.3,8.0,86.0,40.3
caaqm_5409,136.2,101.7,34.5,95.7,40.5
caaqm_5410,120.9,113.4,7.5,101.7,19.2
caaqm_5412,144.1,131.2,12.9,134.6,9.5
caaqm_5413,134.2,134.6,0.4,144.4,10.2
caaqm_5414,82.4,104.9,22.5,66.5,15.9
caaqm_5415,65.9,104.2,38.3,107.2,41.3
caaqm_5416,132.5,259.9,127.4,261.0,128.5
caaqm_5417,102.6,80.8,21.8,81.3,21.3
caaqm_5418,89.9,113.3,23.4,100.9,11.0
caaqm_5419,107.2,97.1,10.1,87.7,19.5
caaqm_5420,73.4,100.1,26.7,84.8,11.4
caaqm_5421,86.5,90.3,3.8,79.1,7.4
caaqm_5422,84.8,96.4,11.6,73.4,11.4
caaqm_5423,136.1,98.5,37.6,148.1,12.0
caaqm_5424,146.9,207.1,60.2,173.9,27.0
caaqm_5433,79.1,95.5,16.4,86.5,7.4
caaqm_5446,149.0,156.4,7.4,126.8,22.2
caaqm_5448,84.6,85.8,1.2,81.8,2.8
caaqm_5449,131.4,152.7,21.3,155.8,24.4
caaqm_5450,122.5,153.9,31.4,171.2,48.7
caaqm_5451,134.5,151.6,17.1,147.4,12.9
caaqm_5452,117.1,154.8,37.7,156.2,39.1
caaqm_5453,121.6,152.2,30.6,153.3,31.7
caaqm_5454,152.2,142.1,10.1,142.5,9.7
caaqm_5455,119.9,145.2,25.3,155.8,35.9
caaqm_5456,167.6,142.9,24.7,153.3,14.3
caaqm_5457,144.9,155.4,10.5,172.8,27.9
caaqm_5458,116.4,152.8,36.4,172.8,56.4
caaqm_5459,252.0,250.8,1.2,245.9,6.1
caaqm_5460,231.8,176.5,55.3,136.8,95.0
caaqm_5461,272.9,244.2,28.7,252.0,20.9
caaqm_5462,254.9,191.6,63.3,254.3,0.6
caaqm_5463,263.9,261.0,2.9,276.5,12.6
caaqm_5464,258.1,256.8,1.3,288.9,30.8
caaqm_5465,276.5,254.3,22.2,263.9,12.6
caaqm_5468,182.4,232.1,49.7,228.5,46.1
caaqm_5469,228.5,234.2,5.7,268.3,39.8
caaqm_5472,233.2,216.7,16.5,258.8,25.6
caaqm_5474,261.0,140.6,120.4,132.5,128.5
caaqm_5475,268.3,216.4,51.9,228.5,39.8
caaqm_5476,263.5,223.7,39.8,234.3,29.2
caaqm_5477,231.4,224.9,6.5,229.4,2.0
caaqm_5478,234.3,228.2,6.1,263.5,29.2
caaqm_5479,227.8,222.1,5.7,221.3,6.5
caaqm_5480,250.0,253.1,3.1,254.0,4.0
caaqm_5481,232.4,230.7,1.7,246.6,14.2
caaqm_5482,254.8,239.5,15.3,226.3,28.5
caaqm_5483,248.2,239.1,9.1,263.9,15.7
caaqm_5484,245.9,254.1,8.2,252.0,6.1
caaqm_5485,246.7,220.6,26.1,255.0,8.3
caaqm_5489,246.6,227.4,19.2,232.4,14.2
caaqm_5490,224.9,221.7,3.2,235.8,10.9
caaqm_5491,152.5,131.9,20.6,130.6,21.9
caaqm_5500,255.7,234.1,21.6,229.2,26.5
caaqm_5501,192.1,249.9,57.8,226.3,34.2
caaqm_5503,149.0,180.5,31.5,130.0,19.0
caaqm_5536,130.0,173.7,43.7,149.0,19.0
caaqm_5537,247.1,251.4,4.3,273.7,26.6
caaqm_5538,226.8,229.3,2.5,242.5,15.7
caaqm_5539,254.2,211.4,42.8,241.1,13.1
caaqm_5540,235.8,222.1,13.7,224.9,10.9
caaqm_5541,228.0,227.3,0.7,226.8,1.2
caaqm_5542,251.9,215.7,36.2,195.1,56.8
caaqm_5543,226.8,228.2,1.4,228.0,1.2
caaqm_5544,255.0,223.0,32.0,246.7,8.3
caaqm_5545,242.5,228.0,14.5,226.8,15.7
caaqm_5546,220.3,216.0,4.3,252.4,32.1
caaqm_5547,241.1,205.4,35.7,254.2,13.1
caaqm_5548,265.0,227.1,37.9,232.4,32.6
caaqm_5549,252.4,222.4,30.0,228.0,24.4
caaqm_5550,195.1,231.3,36.2,251.9,56.8
caaqm_5551,233.4,219.4,14.0,224.9,8.5
caaqm_5552,229.4,227.5,1.9,231.4,2.0
caaqm_5553,258.8,225.1,33.7,242.5,16.3
caaqm_5554,252.1,256.0,3.9,273.7,21.6
caaqm_5555,255.0,233.4,21.6,207.9,47.1
caaqm_5556,235.0,249.3,14.3,243.2,8.2
caaqm_5582,153.7,150.0,3.7,144.0,9.7
caaqm_5583,266.1,204.3,61.8,177.9,88.2
caaqm_5584,254.0,249.3,4.7,250.0,4.0
caaqm_5585,234.0,253.5,19.5,237.6,3.6
caaqm_5586,140.6,173.9,33.3,144.0,3.4
caaqm_5587,133.8,135.6,1.8,135.0,1.2
caaqm_5590,119.4,188.3,68.9,159.6,40.2
caaqm_5591,81.6,129.3,47.7,128.5,46.9
caaqm_5592,128.5,84.0,44.5,81.6,46.9
caaqm_5593,160.2,96.7,63.5,96.4,63.8
caaqm_5594,93.5,228.7,135.2,230.1,136.6
caaqm_5595,104.1,90.5,13.6,138.6,34.5
caaqm_5596,110.8,99.4,11.4,99.2,11.6
caaqm_5597,100.9,103.9,3.0,103.8,2.9
caaqm_5598,126.4,94.2,32.2,93.9,32.5
caaqm_5599,124.3,102.7,21.6,93.9,30.4
caaqm_5600,99.2,101.1,1.9,110.8,11.6
caaqm_5601,262.7,232.1,30.6,262.1,0.6
caaqm_5602,116.7,94.1,22.6,92.1,24.6
caaqm_5603,247.2,241.9,5.3,253.9,6.7
caaqm_5604,92.2,97.8,5.6,105.1,12.9
caaqm_5613,262.1,243.7,18.4,252.1,10.0
caaqm_5620,273.7,246.3,27.4,252.1,21.6
chennai_anna_nagar,82.2,79.1,3.1,73.6,8.6
chennai_guindy,84.4,116.4,32.0,165.9,81.5
chennai_manali,66.0,128.0,62.0,149.4,83.4
chennai_us_consulate,79.8,84.1,4.3,77.2,2.6
chennai_velachery,71.2,104.2,33.0,84.4,13.2
cpcb_AP001,89.5,100.7,11.2,100.7,11.2
cpcb_AP002,99.3,92.4,6.9,90.0,9.3
cpcb_AP003,95.6,99.9,4.3,100.5,4.9
cpcb_AP004,79.3,98.6,19.3,100.7,21.4
cpcb_AP005,86.9,101.2,14.3,97.6,10.7
cpcb_AS001,78.3,95.9,17.6,102.6,24.3
cpcb_BR001,227.5,226.5,1.0,232.4,4.9
cpcb_BR002,220.6,230.0,9.4,232.4,11.8
cpcb_BR003,261.3,262.4,1.1,310.5,49.2
cpcb_BR004,219.8,221.3,1.5,221.3,1.5
cpcb_BR005,210.0,210.2,0.2,211.3,1.3
cpcb_BR006,214.9,209.4,5.5,211.3,3.6
cpcb_BR007,206.8,210.8,3.9,211.3,4.5
cpcb_BR008,221.7,208.3,13.4,211.3,10.4
cpcb_BR009,203.8,211.2,7.4,211.3,7.5
cpcb_BR010,202.8,211.4,8.6,211.3,8.5
cpcb_CH001,130.6,152.6,22.0,152.5,21.9
cpcb_DL001,277.5,289.2,11.7,286.5,9.0
cpcb_DL002,286.5,289.0,2.5,277.5,9.0
cpcb_DL003,292.0,288.8,3.2,277.5,14.5
cpcb_DL004,278.6,289.2,10.6,277.5,1.1
cpcb_DL005,275.7,289.3,13.6,277.5,1.8
cpcb_DL006,283.0,289.1,6.1,277.5,5.5
cpcb_DL007,284.7,289.0,4.3,277.5,7.2
cpcb_DL008,300.7,288.6,12.1,277.5,23.2
cpcb_DL009,303.0,288.5,14.5,277.5,25.5
cpcb_DL010,284.6,289.0,4.4,277.5,7.1
cpcb_DL011,276.4,289.3,12.9,277.5,1.1
cpcb_DL012,294.3,288.8,5.5,277.5,16.8
cpcb_DL013,243.9,290.1,46.2,277.5,33.6
cpcb_DL014,300.4,288.6,11.8,277.5,22.9
cpcb_DL015,303.1,288.5,14.6,277.5,25.6
cpcb_DL016,303.3,288.5,14.8,277.5,25.8
cpcb_DL017,288.3,288.9,0.6,277.5,10.8
cpcb_DL018,304.8,288.5,16.3,277.5,27.3
cpcb_DL019,288.6,288.9,0.3,277.5,11.1
cpcb_DL020,277.1,289.2,12.1,277.5,0.4
cpcb_DL021,288.5,288.9,0.4,277.5,11.0
cpcb_DL022,274.4,289.3,14.9,277.5,3.1
cpcb_DL023,286.9,289.0,2.1,277.5,9.4
cpcb_DL024,274.7,289.3,14.6,277.5,2.8
cpcb_DL025,288.1,288.9,0.8,277.5,10.6
cpcb_DL026,307.6,288.4,19.2,277.5,30.1
cpcb_DL027,308.9,288.4,20.5,277.5,31.4
cpcb_DL028,307.7,288.4,19.3,277.5,30.2
cpcb_DL029,300.8,288.6,12.2,277.5,23.3
cpcb_DL030,292.8,288.8,4.0,277.5,15.3
cpcb_DL031,291.2,288.9,2.3,277.5,13.7
cpcb_DL032,297.5,288.7,8.8,277.5,20.0
cpcb_DL033,299.9,288.6,11.3,277.5,22.4
cpcb_DL034,286.4,289.0,2.6,277.5,8.9
cpcb_DL035,285.8,289.0,3.2,277.5,8.3
cpcb_DL036,277.3,289.2,11.9,277.5,0.2
cpcb_DL037,282.3,289.1,6.8,277.5,4.8
cpcb_DL038,281.5,289.1,7.6,277.5,4.0
cpcb_GJ001,156.2,129.7,26.5,117.1,39.1
cpcb_GJ002,164.3,164.3,0.0,164.4,0.1
cpcb_GJ003,150.1,164.3,14.2,172.8,22.7
cpcb_GJ004,159.8,150.6,9.2,142.5,17.3
cpcb_GJ005,146.7,165.4,18.7,165.7,19.0
cpcb_GJ006,145.7,162.5,16.8,172.1,26.4
cpcb_HR001,208.8,214.9,6.1,214.9,6.1
cpcb_HR002,205.2,232.6,27.4,230.1,24.9
cpcb_HR003,189.7,234.2,44.5,234.1,44.4
cpcb_HR004,187.8,238.1,50.3,238.3,50.5
cpcb_HR005,214.5,228.6,14.1,229.4,14.9
cpcb_HR006,230.4,202.4,28.0,204.5,25.9
cpcb_HR007,204.5,211.1,6.6,230.4,25.9
cpcb_HR008,196.9,213.6,16.7,230.4,33.5
cpcb_HR009,205.9,210.6,4.7,230.4,24.5
cpcb_HR010,199.7,229.4,29.7,229.6,29.9
cpcb_HR011,188.1,204.7,16.6,207.9,19.8
cpcb_HR012,207.9,198.1,9.8,188.1,19.8
cpcb_HR013,201.9,200.1,1.8,188.1,13.8
cpcb_HR014,204.3,199.3,5.0,188.1,16.2
cpcb_HR015,202.4,217.3,14.9,216.7,14.3
cpcb_HR016,210.1,225.6,15.5,225.1,15.0
cpcb_HR017,191.8,198.0,6.2,197.1,5.3
cpcb_HR018,218.6,226.6,8.0,226.5,7.9
cpcb_HR019,191.5,208.5,17.0,208.5,17.0
cpcb_HR020,196.6,242.9,46.3,209.7,13.1
cpcb_HR021,203.6,220.1,16.5,220.0,16.4
cpcb_HR022,209.9,211.6,1.7,211.0,1.1
cpcb_HR023,207.2,221.5,14.3,220.5,13.3
cpcb_HR024,187.1,208.7,21.6,213.6,26.5
cpcb_HR025,208.9,234.5,25.6,217.6,8.7
cpcb_HR026,168.2,242.6,74.4,196.6,28.4
cpcb_HR027,215.8,245.1,29.3,245.2,29.4
cpcb_HR028,209.7,238.4,28.7,221.1,11.4
cpcb_HR029,207.0,229.1,22.1,230.1,23.1
cpcb_JH001,167.6,207.2,39.6,208.5,40.9
cpcb_KA001,79.7,90.2,10.5,89.6,9.9
cpcb_KA002,55.4,69.6,14.2,61.2,5.8
cpcb_KA003,61.2,68.9,7.7,55.4,5.8
cpcb_KA004,62.9,68.7,5.8,55.4,7.5
cpcb_KA005,71.8,67.8,4.0,55.4,16.4
cpcb_KA006,60.7,69.0,8.3,55.4,5.3
cpcb_KA007,66.1,68.4,2.3,55.4,10.7
cpcb_KA008,81.8,66.6,15.2,55.4,26.4
cpcb_KA009,76.3,67.3,9.0,55.4,20.9
cpcb_KA010,88.1,65.9,22.2,55.4,32.7
cpcb_KA011,57.3,69.4,12.1,55.4,1.9
cpcb_KA012,59.6,82.1,22.5,54.2,5.4
cpcb_KA013,62.3,86.2,23.9,86.2,23.9
cpcb_KA014,66.7,82.0,15.3,81.8,15.1
cpcb_KA015,87.2,87.9,0.7,87.7,0.5
cpcb_KA016,61.9,101.8,39.9,101.7,39.8
cpcb_KA017,54.2,84.0,29.8,84.4,30.2
cpcb_KA018,68.6,98.6,30.0,100.1,31.5
cpcb_KA019,69.3,60.4,8.9,58.9,10.4
cpcb_KA020,88.0,66.9,21.1,66.5,21.5
cpcb_KL001,47.8,34.7,13.1,24.9,22.9
cpcb_KL002,51.5,48.4,3.1,59.3,7.8
cpcb_KL003,28.6,49.9,21.3,49.9,21.3
cpcb_KL004,61.4,47.9,13.5,59.3,2.1
cpcb_KL005,37.4,62.5,25.1,62.5,25.1
cpcb_KL006,50.2,52.5,2.3,52.4,2.2
cpcb_KL007,33.5,39.7,6.2,39.7,6.2
cpcb_KL008,39.7,33.5,6.2,33.5,6.2
cpcb_MH001,129.1,140.4,11.3,139.7,10.6
cpcb_MH002,107.9,103.4,4.5,103.4,4.5
cpcb_MH003,103.4,107.9,4.5,107.9,4.5
cpcb_MH004,135.6,129.1,6.5,129.1,6.5
cpcb_MH005,112.1,122.6,10.5,107.6,4.5
cpcb_MH006,107.6,123.1,15.5,112.1,4.5
cpcb_MH007,126.6,121.0,5.6,112.1,14.5
cpcb_MH008,103.2,123.6,20.4,112.1,8.9
cpcb_MH009,109.3,122.9,13.6,112.1,2.8
cpcb_MH010,138.9,119.6,19.3,112.1,26.8
cpcb_MH011,129.0,120.7,8.3,112.1,16.9
cpcb_MH012,125.1,121.1,4.0,112.1,13.0
cpcb_MH013,124.7,121.2,3.5,112.1,12.6
cpcb_MH014,138.8,119.6,19.2,112.1,26.7
cpcb_MH015,125.8,203.1,77.3,203.1,77.3
cpcb_MH016,107.7,126.5,18.8,126.3,18.6
cpcb_MH017,129.6,125.9,3.7,114.2,15.4
cpcb_MH018,114.2,133.5,19.3,129.6,15.4
cpcb_MH019,137.5,121.9,15.6,129.6,7.9
cpcb_MH020,126.5,121.0,5.5,136.2,9.7
cpcb_MH021,135.4,122.7,12.7,122.7,12.7
cpcb_MH022,128.5,132.0,3.5,137.2,8.7
cpcb_ML001,96.4,160.0,63.6,160.2,63.8
cpcb_MP001,163.6,182.1,18.5,181.3,17.7
cpcb_MP002,143.3,171.4,28.1,171.2,27.9
cpcb_MP003,165.5,190.3,24.8,190.4,24.9
cpcb_MP004,159.5,167.2,7.7,167.2,7.7
cpcb_MP005,167.2,159.5,7.7,159.5,7.7
cpcb_MP006,144.1,202.0,57.9,209.3,65.2
cpcb_MP007,152.8,153.1,0.3,149.9,2.9
cpcb_MP008,179.0,182.0,3.0,178.2,0.8
cpcb_MP009,216.2,132.5,83.7,127.4,88.8
cpcb_MP010,179.4,213.6,34.2,214.7,35.3
cpcb_MP011,209.3,250.0,40.7,252.7,43.4
cpcb_MP012,173.8,114.0,59.8,113.9,59.9
cpcb_MP013,157.3,181.2,23.9,180.2,22.9
cpcb_MP014,207.8,118.4,89.4,116.7,91.1
cpcb_MP015,148.5,182.7,34.2,177.4,28.9
cpcb_MP016,158.1,213.8,55.7,214.3,56.2
cpcb_MZ001,99.4,131.6,32.2,131.6,32.2
cpcb_OD001,138.7,161.7,23.0,159.6,20.9
cpcb_OD002,143.0,157.7,14.7,157.2,14.2
cpcb_PB001,173.9,181.7,7.8,181.6,7.7
cpcb_PB002,165.2,208.3,43.1,207.8,42.6
cpcb_PB003,157.3,187.8,30.5,187.8,30.5
cpcb_PB004,177.1,188.1,11.0,197.7,20.6
cpcb_PB005,107.5,147.3,39.8,137.9,30.4
cpcb_PB006,128.4,158.5,30.1,145.6,17.2
cpcb_PB007,165.9,216.2,50.3,217.6,51.7
cpcb_PB008,205.5,111.8,93.7,100.2,105.3
cpcb_RJ001,153.0,152.3,0.7,146.2,6.8
cpcb_RJ002,136.9,133.3,3.6,132.3,4.6
cpcb_RJ003,137.0,180.0,43.0,179.3,42.3
cpcb_RJ004,147.6,140.3,7.2,130.2,17.4
cpcb_RJ005,130.2,149.0,18.8,147.6,17.4
cpcb_RJ006,150.5,138.9,11.6,147.6,2.9
cpcb_RJ007,147.8,152.9,5.1,152.2,4.4
cpcb_RJ008,143.0,186.8,43.8,184.4,41.4
cpcb_RJ009,153.0,171.6,18.6,171.5,18.5
cpcb_RJ010,158.3,153.3,5.0,149.7,8.6
cpcb_TG001,138.6,78.7,59.9,57.0,81.6
cpcb_TG002,57.0,95.1,38.1,138.6,81.6
cpcb_TG003,96.4,87.2,9.2,138.6,42.2
cpcb_TG004,79.1,90.6,11.5,138.6,59.5
cpcb_TG005,113.5,83.8,29.7,138.6,25.1
cpcb_TG006,47.7,96.9,49.2,138.6,90.9
cpcb_TN001,77.2,73.6,3.6,88.9,11.7
cpcb_TN002,88.9,69.7,19.2,77.2,11.7
cpcb_TN003,60.1,79.3,19.2,77.2,17.1
cpcb_TN004,71.8,75.4,3.6,77.2,5.4
cpcb_TN005,70.0,93.6,23.6,95.9,25.9
cpcb_UP001,226.3,255.4,29.1,288.9,62.6
cpcb_UP002,237.6,259.6,22.0,265.3,27.7
cpcb_UP003,232.2,253.9,21.7,253.9,21.7
cpcb_UP004,209.9,215.2,5.3,223.4,13.5
cpcb_UP005,223.4,210.7,12.7,209.9,13.5
cpcb_UP006,209.7,215.3,5.6,209.9,0.2
cpcb_UP007,212.6,214.3,1.7,209.9,2.7
cpcb_UP008,185.8,189.7,3.9,189.7,3.9
cpcb_UP009,189.7,185.8,3.9,185.8,3.9
cpcb_UP010,204.7,252.4,47.7,256.2,51.5
cpcb_UP011,229.2,256.2,27.0,255.7,26.5
cpcb_UP012,230.8,170.6,60.2,212.0,18.8
cpcb_UP013,212.0,173.8,38.2,230.8,18.8
cpcb_UP014,207.9,174.5,33.4,230.8,22.9
cpcb_UP015,230.6,170.7,59.9,230.8,0.2
cpcb_UP016,214.4,173.4,41.0,230.8,16.4
cpcb_UP017,208.5,210.6,2.1,206.9,1.6
cpcb_UP018,206.9,211.4,4.5,208.5,1.6
cpcb_UP019,214.3,207.7,6.6,208.5,5.8
cpcb_UP020,207.9,256.0,48.1,255.0,47.1
cpcb_UP021,227.6,235.6,8.0,235.5,7.9
cpcb_UP022,218.0,208.3,9.7,209.4,8.6
cpcb_UP023,209.4,211.1,1.7,218.0,8.6
cpcb_UP024,212.3,210.2,2.1,218.0,5.7
cpcb_UP025,203.1,213.2,10.1,218.0,14.9
cpcb_UP026,205.6,245.3,39.7,268.3,62.7
cpcb_WB001,166.7,192.7,26.0,193.2,26.5
cpcb_WB002,165.5,192.0,26.5,195.4,29.9
cpcb_WB003,161.7,176.9,15.2,180.7,19.0
cpcb_WB004,154.6,182.4,27.8,184.6,30.0
cpcb_WB005,184.6,167.4,17.2,154.6,30.0
cpcb_WB006,180.3,169.6,10.7,154.6,25.7
cpcb_WB007,178.8,103.2,75.6,183.5,4.7
cpcb_WB008,183.5,102.9,80.6,178.8,4.7
cpcb_WB009,184.1,102.8,81.3,178.8,5.3
cpcb_WB010,159.1,104.7,54.4,178.8,19.7
cpcb_WB011,146.9,105.7,41.2,178.8,31.9
cpcb_WB012,164.6,104.3,60.3,178.8,14.2
cpcb_WB013,188.6,102.5,86.1,178.8,9.8
cpcb_WB014,159.6,173.2,13.6,172.6,13.0
delhi_anand_vihar,336.7,316.0,20.7,316.4,20.3
delhi_ito,323.0,146.4,176.6,143.8,179.2
delhi_lodhi_road,311.9,162.1,149.8,162.1,149.8
delhi_punjabi_bagh,318.9,293.7,25.2,293.7,25.2
delhi_rk_puram,316.1,302.4,13.7,302.6,13.5
demo_station_1,277.6,181.2,96.4,137.2,140.4
demo_station_2,274.9,181.6,93.3,186.5,88.4
demo_station_3,243.1,202.8,40.3,280.4,37.3
demo_station_4,215.7,192.2,23.5,183.3,32.4
demo_station_5,157.7,212.3,54.6,215.7,58.0
demo_station_6,280.4,196.6,83.8,215.7,64.7
demo_station_7,183.3,217.1,33.8,215.7,32.4
demo_station_8,137.2,225.9,88.7,277.6,140.4
hyderabad_charminar,94.4,90.4,4.0,95.3,0.9
hyderabad_gachibowli,105.1,87.9,17.2,75.8,29.3
hyderabad_hitech_city,89.7,101.2,11.5,105.1,15.4
hyderabad_sanathnagar,93.9,120.1,26.2,123.2,29.3
hyderabad_zoo,95.3,74.3,21.0,74.2,21.1
kaggle_UP015,53.0,200.3,147.3,230.8,177.8
kaggle_UP016,106.0,191.4,85.4,230.8,124.8
kaggle_WB007,30.0,114.7,84.7,178.8,148.8
kaggle_WB008,52.0,113.0,61.0,178.8,126.8
kaggle_WB009,38.0,114.0,76.0,178.8,140.8
kaggle_WB010,35.0,114.3,79.3,178.8,143.8
kaggle_WB011,62.0,112.2,50.2,178.8,116.8
kaggle_WB012,39.0,114.0,75.0,178.8,139.8
kaggle_WB013,59.0,112.4,53.4,178.8,119.8
kolkata_howrah,165.6,127.4,38.2,178.8,13.2
kolkata_jadavpur,159.3,210.4,51.1,212.7,53.4
kolkata_rabindra_bharati,154.0,124.2,29.8,178.8,24.8
kolkata_salt_lake,156.4,154.2,2.2,208.5,52.1
kolkata_victoria,167.8,195.3,27.5,199.6,31.8
mumbai_andheri,138.6,132.8,5.8,132.1,6.5
mumbai_bandra,140.9,127.0,13.9,151.4,10.5
mumbai_colaba,131.7,117.5,14.2,107.1,24.6
mumbai_navi,126.5,127.4,0.9,120.5,6.0
mumbai_worli,129.9,131.1,1.2,133.1,3.2
nagpur_civil_lines,182.9,190.8,7.9,125.8,57.1
nagpur_mankapur,180.2,201.7,21.5,243.1,62.9
nagpur_mihan,179.3,194.7,15.4,186.5,7.2
nagpur_ramdaspeth,186.5,242.1,55.6,274.9,88.4
nagpur_sitabuldi,203.1,126.0,77.1,125.8,77.3
pune_hadapsar,83.3,148.0,64.7,149.9,66.6
pune_hinjawadi,86.0,124.0,38.0,126.3,40.3
pune_karve_road,101.7,130.3,28.6,141.6,39.9
pune_katraj,95.4,121.2,25.8,141.6,46.2
pune_shivajinagar,95.7,133.9,38.2,136.2,40.5
